id,patient_id,medication_id,dosage,frequency_days,start_date,end_date
1,85,1,75,7,2025-06-05,2025-07-06
2,60,5,78,1,2025-02-11,2025-04-27
3,85,3,47,7,2025-04-07,2025-04-20
4,28,4,83,7,2025-05-28,2025-08-09
5,43,1,26,1,2025-02-28,2025-04-20
6,25,4,49,7,2025-06-19,2025-08-12
7,84,1,51,1,2025-01-27,2025-03-20
8,3,3,84,7,2025-05-01,2025-05-08
9,22,4,65,1,2025-03-27,2025-05-28
10,17,3,95,7,2025-05-05,2025-05-15
11,17,3,14,3,2025-07-03,2025-09-21
12,13,2,69,1,2025-05-09,2025-07-21
13,15,4,82,1,2025-03-19,2025-05-28
14,6,1,90,7,2025-02-01,2025-04-03
15,86,5,49,7,2025-04-15,2025-05-25
16,62,4,25,1,2025-07-01,2025-07-31
17,19,5,48,3,2025-07-17,2025-09-20
18,67,4,16,3,2025-03-02,2025-03-27
19,58,1,49,7,2025-05-09,2025-06-20
20,42,3,98,3,2025-02-22,2025-03-18
21,29,2,39,1,2025-06-06,2025-07-07
22,44,1,92,3,2025-05-23,2025-06-24
23,36,5,18,3,2025-04-29,2025-06-02
24,74,2,57,3,2025-03-12,2025-04-20
25,39,1,46,7,2025-03-14,2025-05-24
26,58,2,69,3,2025-04-17,2025-06-28
27,56,3,12,3,2025-03-03,2025-05-08
28,99,2,86,1,2025-06-17,2025-06-25
29,39,1,22,3,2025-01-18,2025-04-10
30,96,2,10,3,2025-03-25,2025-04-25
31,33,1,78,1,2025-04-25,2025-06-22
32,38,5,64,1,2025-01-21,2025-03-29
33,100,3,29,3,2025-05-14,2025-07-20
34,96,2,54,1,2025-03-30,2025-04-29
35,16,5,18,7,2025-05-27,2025-06-22
36,78,2,68,7,2025-06-02,2025-07-25
37,6,5,28,3,2025-06-09,2025-07-12
38,8,4,31,7,2025-03-08,2025-06-01
39,13,2,79,1,2025-02-26,2025-04-22
40,58,3,57,7,2025-06-22,2025-07-16
41,100,1,99,3,2025-05-23,2025-06-11
42,14,5,11,7,2025-04-28,2025-05-13
43,65,3,22,7,2025-06-11,2025-08-28
44,72,2,74,3,2025-05-15,2025-07-09
45,50,3,89,7,2025-02-06,2025-04-04
46,32,5,82,1,2025-07-17,2025-10-04
47,8,2,10,3,2025-05-30,2025-08-26
48,64,4,12,7,2025-01-18,2025-02-10
49,32,4,25,1,2025-05-02,2025-07-31
50,33,3,16,3,2025-03-22,2025-04-03
51,18,4,51,1,2025-03-15,2025-05-28
52,93,4,10,3,2025-05-12,2025-07-26
53,57,1,22,7,2025-07-02,2025-09-04
54,99,4,72,3,2025-04-23,2025-06-27
55,13,5,26,3,2025-07-07,2025-08-01
56,38,4,56,7,2025-03-14,2025-04-06
57,14,3,45,7,2025-06-24,2025-09-21
58,83,1,44,3,2025-05-31,2025-06-08
59,61,5,47,3,2025-05-07,2025-05-28
60,17,1,78,1,2025-07-01,2025-07-19
61,29,4,94,3,2025-06-06,2025-06-28
62,17,3,45,3,2025-06-29,2025-07-14
63,3,5,26,7,2025-05-28,2025-07-21
64,52,2,63,3,2025-07-09,2025-08-23
65,20,4,74,7,2025-01-21,2025-04-03
66,9,5,18,3,2025-01-18,2025-03-31
67,74,2,80,7,2025-03-21,2025-04-12
68,80,5,65,7,2025-03-31,2025-05-19
69,20,2,93,3,2025-04-18,2025-05-13
70,52,5,31,7,2025-05-30,2025-08-16
71,38,2,35,1,2025-03-17,2025-05-28
72,35,2,40,7,2025-07-11,2025-07-31
73,65,3,95,1,2025-02-11,2025-03-28
74,91,3,84,3,2025-03-11,2025-04-18
75,13,3,47,3,2025-02-11,2025-03-19
76,1,3,42,7,2025-06-15,2025-09-06
77,15,5,25,1,2025-05-15,2025-07-16
78,12,5,74,3,2025-04-24,2025-06-01
79,18,3,13,1,2025-05-21,2025-06-09
80,46,4,31,7,2025-05-28,2025-06-24
81,25,4,12,1,2025-02-18,2025-04-24
82,35,1,50,3,2025-07-02,2025-09-24
83,39,1,43,7,2025-02-07,2025-03-24
84,63,2,86,3,2025-07-14,2025-07-21
85,1,4,68,3,2025-04-21,2025-07-04
86,81,1,59,3,2025-07-13,2025-08-03
87,3,1,26,1,2025-04-19,2025-06-02
88,82,1,95,7,2025-03-29,2025-04-18
89,3,2,43,1,2025-04-03,2025-05-04
90,78,3,28,7,2025-05-04,2025-07-07
91,97,2,90,7,2025-03-03,2025-05-02
92,84,5,99,1,2025-01-27,2025-03-02
93,47,1,86,7,2025-06-11,2025-08-26
94,66,4,86,3,2025-02-10,2025-03-12
95,57,5,68,3,2025-03-27,2025-06-17
96,86,1,27,3,2025-04-16,2025-06-01
97,51,4,97,3,2025-06-29,2025-08-06
98,76,4,39,7,2025-02-18,2025-03-16
99,22,1,43,3,2025-06-13,2025-08-01
100,90,4,21,7,2025-04-20,2025-07-02
101,29,4,69,3,2025-02-11,2025-04-06
102,60,3,60,3,2025-05-01,2025-06-18
103,39,3,80,3,2025-06-29,2025-08-28
104,54,2,11,3,2025-04-11,2025-06-15
105,38,4,94,7,2025-05-03,2025-05-16
106,27,3,63,7,2025-03-05,2025-03-29
107,30,1,58,3,2025-01-30,2025-04-19
108,31,5,78,3,2025-05-26,2025-07-28
109,67,1,42,7,2025-04-29,2025-06-05
110,29,1,44,1,2025-03-24,2025-04-24
111,34,3,53,7,2025-01-16,2025-04-13
112,9,5,49,3,2025-02-02,2025-04-01
113,28,3,95,3,2025-04-19,2025-05-16
114,13,3,19,7,2025-06-30,2025-09-28
115,33,3,95,3,2025-01-27,2025-02-13
116,79,3,47,7,2025-01-18,2025-03-29
117,56,3,29,7,2025-06-28,2025-08-12
118,98,4,100,1,2025-06-11,2025-06-28
119,55,5,47,7,2025-04-13,2025-06-07
120,29,4,10,3,2025-05-17,2025-05-28
121,1,3,28,1,2025-05-19,2025-05-29
122,7,1,53,1,2025-07-11,2025-07-31
123,7,4,82,1,2025-06-27,2025-08-08
124,50,5,90,7,2025-05-01,2025-06-09
125,61,5,86,7,2025-06-23,2025-09-14
126,88,2,74,3,2025-02-01,2025-04-25
127,70,5,95,1,2025-03-01,2025-03-29
128,28,5,70,1,2025-07-05,2025-07-24
129,10,4,16,3,2025-05-04,2025-07-12
130,20,2,83,3,2025-04-04,2025-06-11
131,44,1,98,1,2025-05-19,2025-07-27
132,82,1,41,3,2025-02-05,2025-03-05
133,96,1,52,3,2025-06-21,2025-08-02
134,9,2,44,3,2025-07-14,2025-08-16
135,25,4,43,1,2025-04-13,2025-06-24
136,89,5,12,1,2025-03-16,2025-05-17
137,77,5,94,7,2025-03-18,2025-04-03
138,61,4,82,3,2025-05-08,2025-05-26
139,19,1,72,3,2025-05-09,2025-07-07
140,81,2,34,7,2025-03-30,2025-06-14
141,80,5,48,1,2025-05-28,2025-06-15
142,92,4,37,3,2025-01-23,2025-03-12
143,75,4,60,7,2025-06-02,2025-06-21
144,15,2,95,3,2025-05-30,2025-07-23
145,77,4,62,1,2025-07-05,2025-09-12
146,55,1,40,7,2025-04-17,2025-06-28
147,52,2,31,1,2025-03-19,2025-05-16
148,19,4,24,1,2025-07-02,2025-09-20
149,73,4,21,7,2025-04-02,2025-05-05
150,75,2,16,1,2025-06-15,2025-07-07
151,48,2,22,1,2025-06-30,2025-09-10
152,86,4,62,7,2025-06-14,2025-09-06
153,98,3,76,3,2025-05-17,2025-05-31
154,77,2,77,7,2025-07-11,2025-07-25
155,70,5,85,3,2025-03-21,2025-05-29
156,80,1,42,7,2025-06-13,2025-09-01
157,18,5,31,7,2025-05-29,2025-07-13
158,7,1,100,3,2025-06-11,2025-07-29
159,4,1,20,1,2025-01-23,2025-02-14
160,25,2,26,3,2025-02-10,2025-05-03
161,40,2,32,1,2025-02-10,2025-04-08
162,79,1,19,7,2025-02-02,2025-04-07
163,22,3,37,3,2025-05-13,2025-07-07
164,86,3,43,1,2025-03-24,2025-05-11
165,58,1,24,3,2025-02-28,2025-04-19
166,2,4,13,1,2025-03-01,2025-03-18
167,20,2,76,3,2025-01-17,2025-04-16
168,54,4,65,3,2025-03-05,2025-06-01
169,96,1,83,3,2025-03-20,2025-05-15
170,70,4,61,1,2025-03-17,2025-03-26
171,74,4,58,1,2025-02-05,2025-02-13
172,15,2,51,3,2025-05-24,2025-06-17
173,15,5,84,3,2025-06-24,2025-07-28
174,71,1,54,7,2025-01-19,2025-02-06
175,6,2,95,7,2025-07-09,2025-07-26
176,57,4,38,7,2025-06-20,2025-07-15
177,9,5,46,3,2025-05-25,2025-08-08
178,39,4,22,3,2025-03-01,2025-03-10
179,77,4,41,7,2025-02-16,2025-05-13
180,42,1,53,7,2025-04-24,2025-05-03
181,22,4,63,1,2025-05-09,2025-06-06
182,45,3,70,7,2025-07-10,2025-08-02
183,92,5,26,1,2025-02-13,2025-04-09
184,6,5,11,7,2025-06-12,2025-09-06
185,44,5,43,1,2025-03-03,2025-05-11
186,16,1,65,1,2025-07-12,2025-08-12
187,66,1,63,3,2025-06-15,2025-09-13
188,19,5,12,1,2025-07-12,2025-08-28
189,35,4,36,7,2025-05-25,2025-06-10
190,72,2,14,7,2025-04-23,2025-05-27
191,38,5,56,1,2025-07-05,2025-07-31
192,25,5,41,3,2025-05-28,2025-08-25
193,24,3,18,3,2025-03-24,2025-05-23
194,65,2,59,1,2025-05-14,2025-07-05
195,73,5,65,3,2025-06-08,2025-08-14
196,47,3,16,1,2025-03-01,2025-05-25
197,12,4,13,1,2025-06-24,2025-08-20
198,64,3,27,1,2025-02-16,2025-04-21
199,24,2,11,3,2025-05-11,2025-06-20
200,3,4,75,3,2025-03-03,2025-03-21
